,Names,Latitudes,Longitudes,Price of Guinness,First Added By,First Added On,LastVerifiedBy,LastVerifiedOn,RMG,JB,DP,COC,BOC,ES,KON,SOS,SH,MOS,SC,AD,SP,MK
,The Snug Bar,53.3414249,-6.2657823,€3.70,Robbie Mc Guinness,1/10/2017,Robbie Mc Guinness,01/10/2017,1,,,,,,,,,,,,,
,Caulfield's Hotel,53.3582931,-6.2627403,€3.80,Robbie Mc Guinness,08/09/2017,Robbie Mc Guinness,08/09/2017,1,,,,,,,,,,,,,
,The Portobello Bar,53.3303513,-6.2641555,€4.00,Bill O'Clerigh,05/09/2017,Marc O'Sullivan,02/11/2017,,,,,1,1,,,,1,,,,
,The Clock,53.3429336,-6.2792108,€4.20,Colin O'Callaghan,07/10/2017,Colin O'Callaghan,07/10/2017,,,,1,,,,,,,,,,
,The Pimlico Tavern,53.34013,-6.280709,€4.20,Emmet Sheerin,18/11/2017,Emmet Sheerin,18/11/2017,,,,,,1,,,,,,,,
,The Bohemian (McGeoughs),53.360917,-6.2729243,€4.35,Shane Harding,9/12/2017,Shane Harding,9/12/2017,1,,,1,,,,,1,,,,,
,Quinn's,53.363551,-6.2581112,€4.40,Robbie Mc Guinness,13/09/2017,Robbie Mc Guinness,13/09/2017,1,,,,,,,,,,,,,
,Becky Morgan's,53.3397024,-6.2420989,€4.40,Shane Harding,8/12/2017,Shane Harding,8/12/2017,,,,,,,,,1,,,,,
,Cumiskey's,53.365196,-6.3189998,€4.50,Shane Harding,9/12/2017,Shane Harding,9/12/2017,,,,,,,,,1,,,,,
,Lucan County Bar,53.3561523,-6.4651041,€4.50,Colin O'Callaghan,25/08/2017,Colin O'Callaghan,25/08/2017,,,,1,,,,,,,,,,
,The Shakespeare,53.3530483,-6.2608019,€4.50,Emmet Sheerin,31/08/2017,Robbie Mc Guinness,09/12/2017,1,,,1,,1,,,1,,,,,
,The Royal Oak,53.3415919,-6.303331,€4.50,Colin O'Callaghan,07/10/2017,James Bingham,27/10/2017,,1,,1,,,,,,,,,,
,McGarry's Bar,53.3216994,-6.2795312,€4.50,Robbie Mc Guinness,21/09/2017,Robbie Mc Guinness,21/09/2017,1,,,,,,,,,,,,,
,Mc Grath's,53.362668,-6.259111,€4.60,Robbie Mc Guinness,13/09/2017,Robbie Mc Guinness,13/09/2017,1,,,,,,,,,,,,,
,The Hut (Mohans),53.3609827,-6.2724939,€4.60,Robbie Mc Guinness,9/12/2017,Robbie Mc Guinness,9/12/2017,1,,,1,,,,,1,,,,,
,Hacienda Bar,53.3481928,-6.2702321,€4.60,Colin O'Callaghan,23/09/2017,Colin O'Callaghan,23/09/2017,1,,,1,1,,,,,,,,,
,The Jug,53.3412468,-6.2746108,€4.60,Emmet Sheerin,18/11/2017,Emmet Sheerin,18/11/2017,,,,,,1,,,,,,,,
,Beggar's Bush (Jack Ryans),53.3363547,-6.236776,€4.60,Daniel Purdy,25/08/2017,Robbie Mc Guinness,14/11/2017,1,,1,1,,,,,,,,,,
,The Confession Box,53.3503185,-6.2584515,€4.70,Colin O'Callaghan,9/12/2017,Colin O'Callaghan,9/12/2017,1,,,1,,,,,1,1,,,,
,The Cobblestone,53.3498282,-6.2778577,€4.70,Colin O'Callaghan,23/09//2017,Colin O'Callaghan,23/09/2017,1,,,1,,,,,,,,,,
,The Pavilion,53.3426963,-6.2529245,€4.70,Robbie Mc Guinness,15/07/2015,Katie O'Neill,16/11/2017,1,,,,,1,1,,,,,,,
,The Lower Deck,53.3306945,-6.2653793,€4.70,Colin O'Callaghan,11/11/2017,Colin O'Callaghan,11/11/2017,1,,,1,,,,,1,1,,,,
,Corrigans,53.3275519,-6.2616703,€4.70,Emmet Sheerin,05/09/2017,Emmet Sheerin,05/09/2017,,,,,,1,,,,,,,,
,Eagle House - Vaughan's,53.3100543,-6.2832454,€4.70,Robbie Mc Guinness,16/12/2017,Robbie Mc Guinness,16/12/2017,1,,,,,,,,,,,,,
,The Thomas House,53.3430692,-6.276905,€4.80,Colin O'Callaghan,05/11/2017,Colin O'Callaghan,05/11/2017,1,,,1,,,,,,,,,,
,The Patriot Inn,53.341693,-6.3075621,€4.80,Colin O'Callaghan,7/10/17,Colin O'Callaghan,07/10/2017,,,,1,,,,,,,,,,
,McGowan's of Harold's Cross,53.3233599,-6.2800896,€4.80,Marc O'Sullivan,25/11/2017,Marc O'Sullivan,25/11/2017,,,,,,,,,,1,,,,
,Grace's,53.3218142,-6.2664357,€4.80,James Bingham,1/12/2017,James Bingham,01/12/2017,1,1,,,,,,,,,,,,
,Galloping Green,53.2802879,-6.1887963,€4.80,Daniel Purdy,25/11/2017,Daniel Purdy,25/11/2017,,,1,,,,,,,,,,,
,The Flowing Tide,53.3488401,-6.2578449,€4.90,Marc O'Sullivan,8/12/2017,Marc O'Sullivan,8/12/2017,,,,,,,,,,1,,,,
,Ryan's,53.3481981,-6.293471,€4.90,Colin O'Callaghan,08/09/2017,Colin O'Callaghan,08/09/2017,,,,1,,,,,,,,,,
,McCloskeys,53.3243842,-6.24035,€4.90,Robbie Mc Guinness,23/09/2017,Katie O'Neill,06/12/2017,1,,,,,,2,,,,,,,
,Peggy Kelly's,53.3237548,-6.278506,€4.90,Robbie Mc Guinness,25/10/17,Robbie Mc Guinness,25/10/2017,1,,,,,,,,,,,,,
,Ashtons,53.3160354,-6.2371492,€4.90,Simon Corbett,3/12/2017,Simon Corbett,03/12/2017,,,,,,,,,,,1,,,
,The Hill,53.326641,-6.2583564,€4.95,Robbie Mc Guinness,22/07/2017,James Bingham,17/09/2017,1,1,,,,,,,,,,,,
,Mother Reilly's Bar & Restaurant,53.3207806,-6.2651459,€4.95,Robbie Mc Guinness,12/09/2017,Robbie Mc Guinness,26/09/2017,2,1,,,,,,,,,,,,
,The Cock Tavern,53.457798,-6.2201048,€5.00,Colin O'Callaghan,09/09/2017,Colin O'Callaghan,09/09/2017,,,,1,,,,,,,,,,
,Bar@Skylon,53.3727558,-6.2530071,€5.00,Robbie Mc Guinness,11/12/2017,Robbie Mc Guinness,11/12/2017,1,,,,,,,,,,,,,
,The Ivy House,53.372458,-6.2523737,€5.00,Robbie Mc Guinness,11/12/2017,Robbie Mc Guinness,11/12/2017,1,,,,,,,,,,,,,
,Ryan's Store Street,53.3513605,-6.2513919,€5.00,Robbie Mc Guinness,10/09/2017,Robbie Mc Guinness,10/09/2017,1,,,,,,,,,,,,,
,The Woolshed,53.3502723,-6.2671226,€5.00,James Bingham,16/11/2017,James Bingham,16/11/2017,,1,,,,,,,,,,,,
,The Oval,53.3484553,-6.2603205,€5.00,James Bingham,7/12/2017,James Bingham,7/12/2017,,1,,,,,,,,,,,,
,Token,53.3475982,-6.2802749,€5.00,Colin O'Callaghan,12/09/2017,Colin O'Callaghan,23/09/2017,1,,,2,1,,,,,,,,,
,The Workshop,53.3473273,-6.2547825,€5.00,Robbie Mc Guinness,08/09/2017,Robbie Mc Guinness,08/09/2017,1,,,,,,,,,,,,,
,The Boat,53.3470317,-6.2376973,€5.00,James Bingham,21/09/2017,James Bingham,21/09/2017,,1,,,,,,,,,,,,
,M. Hughes,53.3469584,-6.2723297,€5.00,Bill O'Clerigh,23/09/2017,Bill O'Clerigh,23/09/2017,1,,,1,1,,,,,,,,,
,Lafayette,53.3465537,-6.2588386,€5.00,James Bingham,21/09/2017,James Bingham,21/09/2017,,1,,,,,,,,,,,,
,Jack Nealon,53.3463804,-6.2682306,€5.00,Daniel Purdy,20/09/2017,Katie O'Neill,11/11/2017,,,1,,,,1,,,,,,,
,Chaplin's,53.3462012,-6.2572218,€5.00,Robbie Mc Guinness,28/09/2017,Robbie Mc Guinness,09/12/2017,1,,,,,,,,,,,,,
,Ha'penny Bridge Inn,53.345849,-6.2633708,€5.00,,,,,,,,,,,,,,,,,,
,Oscars Christchurch,53.3441347,-6.2697764,€5.00,Robbie Mc Guinness,26/07/2017,Robbie Mc Guinness,26/07/2017,1,,,,,,,,,,,,,
,Tivoli Backstage,53.3424336,-6.2753495,€5.00,Emmet Sheerin,18/11/2017,Emmet Sheerin,18/11/2017,,,,,,1,,,,,,,,
,Lincoln's Inn,53.3420082,-6.2525255,€5.00,Emmet Sheerin,14/09/2017,Emmet Sheerin,14/09/2017,,,,,,1,,,,,,,,
,The Merry Cobbler,53.3384435,-6.2226996,€5.00,Daniel Purdy,14/9/2017,Daniel Purdy,14/09/2017,,,1,,,,,,,,,,,
,Reilly's,53.338273,-6.253665,€5.00,James Bingham,08/09/2017,Emmet Sheerin,19/10/2017,1,1,,,1,1,,,,,,,,
,Ryan's Lounge,53.336328,-6.2655559,€5.00,Colin O'Callaghan,17/09/2017,Colin O'Callaghan,17/09/2017,,,,1,,,,,,,,,,
,Jimmy Rabbite's,53.336069,-6.265536,€5.00,James Bingham,30/08/2017,James Bingham,30/08/2017,,1,,,1,,,,,,,,,
,Planet Murphy's,53.335976,-6.26568,€5.00,Robbie Mc Guinness,16/12/2017,Robbie Mc Guinness,16/12/2017,1,,,,,,,,,,,,,
,The Cusack Stand (Devitts),53.3355702,-6.2653919,€5.00,James Bingham,30/08/2017,James Bingham,30/08/2017,1,1,,,,,,,,,,,,
,Copper Face Jacks,53.335436,-6.2635091,€5.00,Marc O'Sullivan,30/10/2017,Marc O'Sullivan,30/10/2017,,,,,,,,,,,,,,
,Anseo,53.3353226,-6.264995,€5.00,James Bingham,3/12/2017,James Bingham,03/12/2017,,1,,,,,,,,,,,,
,The Fifty One,53.3346288,-6.2424252,€5.00,Colin O'Callaghan,25/08/2017,Andrew Donovan,02/12/2017,1,1,1,1,,,,,,,,1,,
,Cassidy's,53.3340323,-6.2650711,€5.00,Marc O'Sullivan,8/12/2017,Marc O'Sullivan,,,,,,,,,,,1,,,,
,Leeson Lounge,53.3313701,-6.2518794,€5.00,Andrew Donovan,2/12/2017,Andrew Donovan,02/12/2017,1,1,,,,,,,,,,1,,
,The Barge Bar,53.3305512,-6.2605878,€5.00,James Bingham,21/09/2017,James Bingham,21/09/2017,,1,,,,,,,,,,,,
,Bowery,53.3242854,-6.2651445,€5.00,Daniel Purdy,14/10/2017,Daniel Purdy,14/10/2017,,,1,,,,,,,,,,,
,Humphrey's,53.324153,-6.252272,€5.00,Robbie Mc Guinness,09/09/2017,Robbie Mc Guinness,09/09/2017,1,,,,,,,,,,,,,
,Jack Birchall's Ranelagh House,53.3233904,-6.2503391,€5.00,Other,30/11/2017,Other,30/11/2017,,,,,,,,,,,,,,
,McSorleys,53.3233007,-6.2500808,€5.00,Robbie Mc Guinness,09/09/2017,Robbie Mc Guinness,09/09/2017,1,,,,,,,,,,,,,
,Murphy's Lounge,53.3189936,-6.2646618,€5.00,James Bingham,1/12/2017,James Bingham,01/12/2017,1,1,,,,,,,,,,,,
,The Rathgar (The 108),53.31208,-6.274573,€5.00,Emmet Sheerin,05/09/2017,Emmet Sheerin,05/09/2017,,,,,,1,,,,,,,,
,The Bottler's Bank,53.3120217,-6.2749549,€5.00,Bill O'Clerigh,07/09/2017,Bill O'Clerigh,07/09/2017,,,,,1,,,,,,,,,
,The Dropping Well,53.3080461,-6.2548931,€5.00,Robbie Mc Guinness,25/11/2017,Robbie Mc Guinness,25/11/2017,1,,,,,,,,,,,,,
,The Goat Grill,53.292578,-6.2297743,€5.00,Simon Corbett,3/12/2017,Simon Corbett,03/12/2017,,,,,,,,,,,1,,,
,Brady's Shankill,53.2301668,-6.1243407,€5.00,James Bingham,6/12/2017,James Bingham,6/12/2017,,1,,,,,,,,,,,,
,The Market Bar,53.342111,-6.263953,€5.10,Robbie Mc Guinness,03/11/2017,Colin O'Callaghan,07/12/2017,1,1,,1,,,,,,,,,,
,Oarsman,53.3417065,-6.227773,€5.10,Marc O'Sullivan,30/11/2017,Marc O'Sullivan,30/11/2017,,,,,,,,,,1,,,,
,Camden Exchange,53.3351242,-6.2654081,€5.10,Katie O'Neill,02/12/2017,Katie O'Neill,02/12/2017,,,,,,,1,,,,,,,
,The Bleeding Horse,53.3334908,-6.2647676,€5.10,Colin O'Callaghan,11/11/2017,Colin O'Callaghan,11/11/2017,1,,,1,,,,,,1,,,,
,Blackbird,53.3268678,-6.2646279,€5.10,Robbie Mc Guinness,15/09/2017,Robbie Mc Guinness,15/09/2017,1,,,,,,,,,,,,,
,Copán,53.3218191,-6.2656355,€5.10,Robbie Mc Guinness,1/12/2017,Robbie Mc Guinness,01/12/2017,1,1,,,,,,,,,,,,
,Rody Boland's,53.3211247,-6.2654634,€5.10,Robbie Mc Guinness,1/12/2017,Robbie Mc Guinness,01/12/2017,1,1,,,,,,,,,,,,
,Brady's,53.3098046,-6.2841368,€5.10,Robbie Mc Guinness,16/12/2017,Robbie Mc Guinness,16/12/2017,1,,,,,,,,,,,,,
,Jack O'Rourkes,53.3015367,-6.177795,€5.10,Daniel Purdy,20/10/2017,Daniel Purdy,20/10/2017,,,1,,,,,,,,,,,
,The Old Schoolhouse,53.4567294,-6.2228079,€5.20,Daniel Purdy,17/10/17,Daniel Purdy,17/10/2017,,,1,,,,,,,,,,,
,The Celt,53.3505727,-6.2548867,€5.20,Shane Harding,19/10/2017,Shane Harding,19/10/2017,,,,,,,,,1,,,,,
,Gin Palace,53.3478458,-6.2634401,€5.20,Katie O'Neill,14/10/2017,Katie O'Neill,24/11/2017,,,,,,,2,,,,,,,
,J. McNeill,53.3477632,-6.2687542,€5.20,Emmet Sheerin,23/09/2017,Emmet Sheerin,23/09/2017,1,,,1,1,1,,,,,,,,
,The Boar's Head,53.3473737,-6.2685996,€5.20,Bill O'Clerigh,23/09/2017,Bill O'Clerigh,23/09/2017,1,,,1,1,1,,,,,,,,
,The Lotts Café Bar,53.3473641,-6.2633612,€5.20,James Bingham,7/12/2017,James Bingham,7/12/2017,,1,,,,,,,,,,,,
,Mulligan's,53.3469472,-6.2555616,€5.20,Emmet Sheerin,08/09/2017,Simon Corbett,9/12/2017,,,,1,,1,,,,,1,,,
,The Grand Social,53.3468527,-6.2635291,€5.20,James Bingham,14/09/2017,James Bingham,14/09/2017,,1,,,,,,,,,,,,
,The Long Stone,53.3460494,-6.2556844,€5.20,Colin O'Callaghan,17/11/2017,Colin O'Callaghan,17/11/2017,,,,1,,,,,,,,,,
,The Palace Bar,53.345904,-6.2596276,€5.20,Robbie Mc Guinness,17/08/2017,James Bingham,9/12/2017,1,1,,,,,,,,,,,,
,Bowes,53.3457927,-6.2579377,€5.20,Robbie Mc Guinness,16/09/2017,Emmet Sheerin,18/11/2017,1,,,,,1,,,,,,,,
,Doyle's,53.345781,-6.2575681,€5.20,Emmet Sheerin,30/09/2017,Katie O'Neill,12/12/2017,,,,,,1,3,,,,,,,
,Bison bar,53.3453508,-6.2667024,€5.20,Robbie Mc Guinness,23/09/2017,Robbie Mc Guinness,23/09/2017,1,,,,,,,,,,,,,
,The Workman's Club,53.3453414,-6.2668315,€5.20,Robbie Mc Guinness,23/09/2017,Robbie Mc Guinness,23/09/2017,1,,,,,,,,,,,,,
,The Garage Bar,53.3451402,-6.2662914,€5.20,Daniel Purdy,20/09/2017,Daniel Purdy,20/09/2017,,,1,,,,,,,,,,,
,Roberta's Bar and Restaurant,53.345105,-6.267169,€5.20,James Bingham,17/11/2017,James Bingham,17/11/2017,,1,,,,,,,,,,,,
,O'Neill's of Pearse Street,53.3449067,-6.2524214,€5.20,Emmet Sheerin,03/11/2017,Matthias Kremer,14/12/2017,,,,,,1,,,,,,,,1
,The Stag's Head,53.3438138,-6.2635738,€5.20,Robbie Mc Guinness,16/9/2017,Robbie Mc Guinness,16/9/2017,1,,,,,,,,,,,,,
,O'Donoghues,53.343437,-6.2597401,€5.20,Daniel Purdy,15/9/2017,Shane Harding,10/11/2017,,,1,,,,,,1,,,,,
,The Globe,53.3433784,-6.2642836,€5.20,Katie O'Neill,08/12/2017,Katie O'Neill,08/12/2017,1,1,,,,1,2,,,,,,,
,The Library Bar,53.3430838,-6.2641396,€5.20,Katie O'Neill,05/11/2017,Katie O'Neill,05/11/2017,,,,,,,,,,,,,,
,Kennedys,53.3422259,-6.2507991,€5.20,Robbie Mc Guinness,20/08/2017,Colin O'Callaghan,20/10/2017,1,,,2,,,,,,,,,,
,Idlewild,53.342105,-6.264109,€5.20,Katie O'Neill,11/11/2017,Katie O'Neill,11/11/2017,,,,,,,1,,,,,,,
,The Duke (Gilligan's),53.3419794,-6.2586728,€5.20,Daniel Purdy,16/9/17,Daniel Purdy,16/09/2017,1,,1,,,,,,,,,,,
,The Secret Bar / The Bar With No Name,53.3418854,-6.2641559,€5.20,Shane Harding,03/11/2017,Shane Harding,03/11/2017,1,1,,,,,,,1,,,,,
,The Gingerman,53.3418488,-6.2495572,€5.20,Daniel Purdy,13/09/2017,Colin O'Callaghan,14/09/2017,1,,1,1,,,,,,,,,,
,Kehoe's,53.3411866,-6.2594946,€5.20,Colin O'Callaghan,17/09/2017,Colin O'Callaghan,17/09/2017,,,,1,,,,,,,,,,
,Dawson Lounge,53.3397572,-6.2588713,€5.20,Shane Harding,20/10/2017,Shane Harding,20/10/2017,1,,,,,1,,,1,,,,,
,The Swan Bar (Lynch),53.3396163,-6.2657046,€5.20,Colin O'Callaghan,21/10/2017,Colin O'Callaghan,21/10/2017,1,,,1,,,,,,,,,,
,James Toner,53.3377289,-6.2524501,€5.20,Bill O'Clerigh,08/09/2017,Katie O'Neill,13/10/2017,,,,,1,,1,,,,,,,
,The Bath,53.3373906,-6.2321754,€5.20,Robbie Mc Guinness,25/08/2017,Robbie Mc Guinness,25/08/2017,1,,1,1,,,,,,,,,,
,The Old Spot (The Lansdowne),53.3373467,-6.2332346,€5.20,Robbie Mc Guinness,25/08/2017,Robbie Mc Guinness,25/08/2017,1,,1,1,,,,,,,,,,
,Whelan's,53.3365488,-6.2658468,€5.20,Emmet Sheerin,02/11/2017,Emmet Sheerin,02/11/2017,,,,,,1,,,,,,,,
,East Side Tavern,53.336129,-6.2568614,€5.20,Robbie Mc Guinness,21/10/2017,Robbie Mc Guinness,21/10/2017,1,,,1,,,,,,,,,,
,Smyth's,53.3347803,-6.2434362,€5.20,Daniel Purdy,24/08/2017,Marc O'Sullivan,17/11/2017,1,,1,,,,,,,,,,,
,The Waterloo,53.3334536,-6.2433195,€5.20,Marc O'Sullivan,8/12/2017,Marc O'Sullivan,,,,,,,,,,,1,,,,
,Searson's,53.3333315,-6.2430277,€5.20,Marc O'Sullivan,02/11/2017,Marc O'Sullivan,02/11/2017,,,,,,,,,,1,,,,
,The Bridge,53.3292976,-6.2319611,€5.20,Daniel Purdy,06/09/2017,Daniel Purdy,06/09/2017,,,1,,,,,,,,,,,
,Mary Mac's,53.3290702,-6.2304573,€5.20,Robbie Mc Guinness,23/09/2017,Marc O'Sullivan,09/11/2017,1,,,,,,,,,1,,,,
,Martin B. Slattery,53.3221522,-6.2659123,€5.20,James Bingham,1/12/2017,James Bingham,01/12/2017,1,1,,,,,,,,,,,,
,Ferryman,53.3460078,-6.240693,€5.30,Other,28/10/2017,Other,28/10/2017,,,,,,,,,,,,,,
,Foggy Dew,53.3444504,-6.2634772,€5.30,Emmet Sheerin,21/09/2017,Colin O'Callaghan,18/10/2017,,,,1,,1,,,,,,,,
,The Bankers,53.3439718,-6.2625276,€5.30,Robbie Mc Guinness,03/11/2017,Robbie Mc Guinness,03/11/2017,1,1,,,,,,,,,,,,
,O'Neills,53.3438425,-6.2607432,€5.30,Colin O'Callaghan,24/11/2017,Colin O'Callaghan,24/11/2017,1,,,1,,,,,,,,,,
,Hogan's Bar,53.3419933,-6.2646102,€5.30,James Bingham,29/07/2017,Robbie Mc Guinness,16/09/2017,1,1,,1,,,,,,,,,,
,P Macs,53.3412009,-6.2642908,€5.30,Bill O'Clerigh,21/07/2017,Robbie Mc Guinness,28/10/2017,1,,,,1,,,1,,,,,,
,Neary's,53.3406572,-6.2612015,€5.30,Bill O'Clerigh,08/09/2017,Katie O'Neill,17/10/2017,,,,,1,,,,,,,,,
,Doheny and Nesbitt,53.3380755,-6.2528418,€5.30,James Bingham,17/08/2017,Marc O'Sullivan,26/11/2017,1,1,,,,,,,,1,,,,
,Crowe's Pub,53.3291016,-6.2305416,€5.30,Daniel Purdy,29/9/2017,Daniel Purdy,29/09/2017,,,1,,,,,,,,,,,
,Paddy Cullen,53.3290306,-6.2303575,€5.30,Marc O'Sullivan,09/11/2017,Marc O'Sullivan,09/11/2017,,,,,,,,,,1,,,,
,Merrion Inn,53.318301,-6.211162,€5.30,Daniel Purdy,30/11/2017,Daniel Purdy,30/11/2017,,,1,,,,,,,,,,,
,Citywest Hotel Swift Bar,53.285815,-6.446199,€5.35,James Bingham,27/10/2017,James Bingham,27/10/2017,,,,,,,,,,,,,,
,Slattery's,53.3482745,-6.2689364,€5.40,James Bingham,27/10/2017,James Bingham,27/10/2017,,1,,,,,,,,,,,,
,T.P.Smiths,53.347476,-6.265962,€5.40,James Bingham,19/09/2017,James Bingham,19/09/2017,,1,,,,,,,,,,,,
,J.W. Sweetman Craft Brewery,53.3469782,-6.2582006,€5.40,Robbie Mc Guinness,21/09/2017,James Bingham,9/12/2017,1,1,,,,,,,,,,,,
,Mulligan and Haines,53.3440934,-6.2629657,€5.40,Robbie Mc Guinness,07/10/2017,Robbie Mc Guinness,07/10/2017,1,,,,,,,,,,,,,
,Arthur's,53.3430716,-6.2816907,€5.40,Colin O'Callaghan,07/10/2017,Colin O'Callaghan,07/10/2017,,,,1,,,,,,,,,,
,The Long Hall,53.3418339,-6.2653944,€5.40,Robbie Mc Guinness,17/08/2017,Robbie Mc Guinness,17/08/2017,1,1,,,,,,,,,,,,
,The Hairy Lemon,53.3412574,-6.2638352,€5.40,Sean O'Sullivan,28/10/17,Sean O'Sullivan,28/10/2017,1,,,,,,,1,,1,,,,
,Bar Rua,53.3410488,-6.2624558,€5.40,James Bingham,20/10/2017,Robbie Mc Guinness,18/11/2017,2,1,,,,,,,,,,,,
,The Square Ball,53.340843,-6.244782,€5.40,Robbie Mc Guinness,18/08/2017,Robbie Mc Guinness,29/09/2017,2,,,1,,,,,,,,,,
,The Jar,53.3369586,-6.2657049,€5.40,Shane Harding,18/11/2017,Shane Harding,18/11/2017,,,,,,,,,1,,,,,
,The Harbourmaster,53.3497415,-6.2490911,€5.45,Marc O'Sullivan,04/12/2017,Marc O'Sullivan,04/12/2017,,,,,,,,,,1,,,,
,The Back Page,53.3585347,-6.273159,€5.50,Colin O'Callaghan,9/12/2017,Colin O'Callaghan,9/12/2017,,,,1,,,,,,,,,,
,McGowan's,53.356564,-6.273879,€5.50,Other,10/11/2017,Shane Harding,10/11/2017,1,,,1,,,,,1,,,,,
,The Living Room,53.352308,-6.260412,€5.50,Marc O'Sullivan,09/11/2017,Marc O'Sullivan,09/11/2017,,,,,,,,,,1,,,,
,Parnell Heritage Pub,53.3521853,-6.2620514,€5.50,Colin O'Callaghan,9/12/2017,Colin O'Callaghan,9/12/2017,,,,1,,,,,,,,,,
,Wigwam,53.3480043,-6.2621526,€5.50,Emmet Sheerin,16/09/2017,Emmet Sheerin,16/09/2017,,,,,,1,,,,,,,,
,Adelphi,53.3479699,-6.2624624,€5.50,Sean O'Sullivan,29/09/2017,Sean O'Sullivan,29/09/2017,,,,,,,,1,,,,,,
,4 Dame Lane,53.3437834,-6.2629135,€5.50,Robbie Mc Guinness,03/11/2017,Robbie Mc Guinness,03/11/2017,1,1,,,,,,,,,,,,
,Dakota,53.342663,-6.262359,€5.50,James Bingham,23/09/2017,James Bingham,23/09/2017,,1,,,,,,,,,,,,
,The Rag Trader,53.3426488,-6.262991,€5.50,Simon Corbett,9/12/2017,Simon Corbett,9/12/2017,,,,,,,,,,,1,,,
,Nolita,53.3424409,-6.2647473,€5.50,James Bingham,3/11/2017,James Bingham,03/11/2017,1,1,,,,,,,,,,,,
,L'Gueuleton,53.34197,-6.264324,€5.50,Robbie Mc Guinness,21/10/2017,Robbie Mc Guinness,21/10/2017,1,1,,,1,,,,,,,,,
,The Capitol Lounge,53.3412997,-6.2653194,€5.50,,,,,,,,,,,,,,,,,,
,Cellar Bar,53.3387556,-6.2526088,€5.50,Other,9/12/2017,Other,9/12/2017,,,,,,,,,,,,,,
,The Gasworks,53.3379836,-6.2375013,€5.50,Daniel Purdy,03/09/2017,Daniel Purdy,03/09/2017,,,1,,,,,,,,,,,
,Xico,53.337863,-6.2527928,€5.50,Robbie Mc Guinness,08/09/2017,Robbie Mc Guinness,08/09/2017,1,,,,,,,,,,,,,
,D-Two,53.3343859,-6.2629409,€5.50,Marc O'Sullivan,9/12/2017,Marc O'Sullivan,9/12/2017,,,,,,,,,,1,,,,
,The Bernard Shaw,53.3317088,-6.2645036,€5.50,Robbie Mc Guinness,15/09/2017,Robbie Mc Guinness,11/11/2017,2,,,1,,,,,1,1,,,,
,Underground,53.34428,-6.265278,€5.60,Other,20/10/2017,Other,05/12/2017,,,,,,,,,,,,,,
,Peter's Pub,53.3408869,-6.2632389,€5.60,Daniel Purdy,7/10/17,Daniel Purdy,07/10/2017,,,1,,,,,,,,,,,
,Peruke and Periwig,53.340074,-6.25868,€5.60,Katie O'Neill,12/11/2017,Katie O'Neill,29/11/2017,,,,,,,2,,,,,,,
,The Dubliner,53.3321344,-6.2339528,€5.60,Marc O'Sullivan,14/11/2017,Marc O'Sullivan,14/11/2017,,,,,,,,,,1,,,,
,Fitzsimon's,53.3454409,-6.2651087,€5.70,,,,,,,,,,,,,,,,,,
,Button Factory,53.344976,-6.264474,€5.70,Katie O'Neill,30/11/2017,Katie O'Neill,30/11/2017,,,,,,,1,,,,,,,
,Crowbar,53.344943,-6.264337,€5.70,Robbie Mc Guinness,20/10/2017,Robbie Mc Guinness,20/10/2017,1,,,,,,,,1,,,,,
,The Mercantile,53.3439735,-6.2639343,€5.70,Robbie Mc Guinness,15/10/2017,Robbie Mc Guinness,15/10/2017,1,,,,,,,,,,,,,
,Odessa,53.343589,-6.263841,€5.70,Emmet Sheerin,28/09/2017,Emmet Sheerin,28/09/2017,,,,,,1,,,,,,,,
,The Morgan,53.3458462,-6.2632718,€5.80,,,,,,,,,,,,,,,,,,
,HQ,53.3443491,-6.2381779,€5.80,James Bingham,21/09/2017,James Bingham,21/09/2017,,1,,,,,,,,,,,,
,The Black Door,53.3341195,-6.2630443,€5.80,Marc O'Sullivan,9/12/2017,Marc O'Sullivan,9/12/2017,,,,,,,,,,1,,,,
,The Church,53.3485845,-6.266964,€5.85,James Bingham,25/10/2017,James Bingham,25/10/2017,,1,,,,,,,,,,,,
,Sin É,53.345976,-6.2695992,€5.90,Robbie Mc Guinness,23/09/2017,Robbie Mc Guinness,23/09/2017,1,,,1,,1,,,,,,,,
,The Quays Bar,53.3456404,-6.2634165,€5.90,Sean O'Sullivan,5/10/2017,Sean O'Sullivan,05/10/2017,,,,,,,,1,,,,,,
,The South William,53.3418781,-6.2626471,€5.90,Daniel Purdy,17/11/2017,Daniel Purdy,17/11/2017,,,1,,,,,,,,,,,
,Sams Bar,53.3404641,-6.2587918,€5.90,Robbie Mc Guinness,30/09/2017,Robbie Mc Guinness,30/09/2017,1,,,,,,,,,,,,,
,Residence,53.3383035,-6.255276,€5.90,Colin O'Callaghan,22/09/2017,Colin O'Callaghan,22/09/2017,,,,1,,,,,,,,,,
,Buskers Bar,53.345832,-6.26051,€6.00,,,,,,,,,,,,,,,,,,
,Bad Ass Cafe,53.345458,-6.2632617,€6.00,,,,,,,,,,,,,,,,,,
,The Norseman,53.3453357,-6.2647857,€6.20,James Bingham,03/11/2017,James Bingham,03/11/2017,,1,,,,,,,,,,,,
,Café en Seine,53.3407261,-6.2586791,€6.30,Robbie Mc Guinness,16/09/2017,Robbie Mc Guinness,9/12/2017,1,,,,,,,,,,,,,
,The Auld Dubliner,53.3455629,-6.2619775,€6.50,Robbie Mc Guinness,28/09/2017,Robbie Mc Guinness,28/09/2017,1,,,,,,,,,,,,,
,The Oliver St John Gogarty,53.3455528,-6.2617095,€6.50,Robbie Mc Guinness,21/09/2017,Robbie Mc Guinness,21/09/2017,1,,,,,,,,,,,,,
,The Temple Bar,53.3454662,-6.2642025,€6.60,James Bingham,8/12/2017,James Bingham,8/12/2017,,1,,,,,,,,,,,,
,The Old Storehouse,53.3451275,-6.2626961,€6.70,Robbie Mc Guinness,06/10/2017,Robbie Mc Guinness,06/10/2017,,,,,,,,,,,,,,
,The Beer Market,53.3433255,-6.2734068,N.A.,Emmet Sheerin,18/11/2017,Emmet Sheerin,18/11/2017,,,,,,1,,,,,,,,
,Izakaya,53.343277,-6.264238,N.A.,Katie O'Neill,30/11/2017,Katie O'Neill,30/11/2017,,,,,,,1,,,,,,,
,Ukiyo Bar,53.34311,-6.263551,N.A.,Robbie Mc Guinness,29/09/2017,Robbie Mc Guinness,29/09/2017,1,,,,,,,,,,,,,
,Porterhouse Central,53.3430105,-6.2589346,N.A.,Robbie Mc Guinness,16/09/2017,Robbie Mc Guinness,16/09/2017,1,,,,,,,,,,,,,
,Against The Grain,53.3370675,-6.265418,N.A.,Colin O'Callaghan,17/9/2017,Colin O'Callaghan,17/9/2017,,,,1,,,,,,,,,,
,Hamlet Pub,53.6135166,-6.2067373,,,,,,,,,,,,,,,,,,,
,O'Sheas,53.6112542,-6.1785988,,,,,,,,,,,,,,,,,,,
,HOME Nightclub,53.6111428,-6.1786793,,,,,,,,,,,,,,,,,,,
,The Milestone,53.6109545,-6.1850142,,,,,,,,,,,,,,,,,,,
,The Harvest,53.6108839,-6.185501,,,,,,,,,,,,,,,,,,,
,The Central,53.6095796,-6.183495,,,,,,,,,,,,,,,,,,,
,John D's,53.6083218,-6.1831945,,,,,,,,,,,,,,,,,,,
,The White Hart,53.608113,-6.1832546,,,,,,,,,,,,,,,,,,,
,Balrothery Inn,53.5874476,-6.1883073,,,,,,,,,,,,,,,,,,,
,Killian's,53.5861371,-6.2908245,,,,,,,,,,,,,,,,,,,
,Joe Mays,53.5848009,-6.1048772,,,,,,,,,,,,,,,,,,,
,Stoop Your Head,53.584343,-6.1045208,,,,,,,,,,,,,,,,,,,
,The Garristown Inn,53.5673859,-6.3832082,,,,,,,,,,,,,,,,,,,
,Gormleys,53.5664719,-6.3840253,,,,,,,,,,,,,,,,,,,
,Man O'War,53.5617866,-6.1841577,,,,,,,,,,,,,,,,,,,
,The Yacht Bar,53.547431,-6.101565,,,,,,,,,,,,,,,,,,,
,Murtaghs of Ballough,53.5327335,-6.1945474,,,,,,,,,,,,,,,,,,,
,Top Shop,53.526945,-6.166215,,,,,,,,,,,,,,,,,,,
,Murray's Lounge,53.5252866,-6.1653008,,,,,,,,,,,,,,,,,,,
,Oldtown house,53.5250865,-6.3148947,,,,,,,,,,,,,,,,,,,
,The Strand,53.5222844,-6.0924698,,,,,,,,,,,,,,,,,,,
,O'Connors Village Inn,53.5221582,-6.2673311,,,,,,,,,,,,,,,,,,,
,The Strand Bar,53.522087,-6.092269,,,,,,,,,,,,,,,,,,,
,The Michael Collins,53.5219528,-6.0902382,,,,,,,,,,,,,,,,,,,
,Carlyann,53.5219037,-6.0877189,,,,,,,,,,,,,,,,,,,
,Rush Sailing Club Bar,53.5109341,-6.1180099,,,,,,,,,,,,,,,,,,,
,The Brook,53.4947692,-6.110625,,,,,,,,,,,,,,,,,,,
,Keeling's,53.4877247,-6.1484923,,,,,,,,,,,,,,,,,,,
,Smyth's,53.4851554,-6.1510704,,,,,,,,,,,,,,,,,,,
,Waterside Hotel,53.478949,-6.11525,,,,,,,,,,,,,,,,,,,
,The Orchard,53.4712932,-6.2322338,,,,,,,,,,,,,,,,,,,
,The Estuary,53.4630913,-6.2183867,,,,,,,,,,,,,,,,,,,
,Jade Wine Bar,53.4626062,-6.2178791,,,,,,,,,,,,,,,,,,,
,Harp Bar,53.4623533,-6.2179398,,,,,,,,,,,,,,,,,,,
,Graingers The Manor Inn,53.4604175,-6.2449135,,,,,,,,,,,,,,,,,,,
,The Pound,53.4593969,-6.2206917,,,,,,,,,,,,,,,,,,,
,Empire,53.4585864,-6.2209148,,,,,,,,,,,,,,,,,,,
,The Star,53.4584885,-6.2195808,,,,,,,,,,,,,,,,,,,
,Forty Four,53.4575968,-6.2210221,,,,,,,,,,,,,,,,,,,
,The Old Borough,53.4564676,-6.2221965,,,,,,,,,,,,,,,,,,,
,Wright's,53.4562481,-6.2206297,,,,,,,,,,,,,,,,,,,
,The Lord Mayors,53.4548125,-6.2231205,,,,,,,,,,,,,,,,,,,
,Peacocks Steakhouse,53.4527893,-6.2433328,,,,,,,,,,,,,,,,,,,
,Gilbert & Wright,53.4516473,-6.1536822,,,,,,,,,,,,,,,,,,,
,Gibney's,53.4513369,-6.1536307,,,,,,,,,,,,,,,,,,,
,Fowlers,53.4513054,-6.1539054,,,,,,,,,,,,,,,,,,,
,Duffy's,53.4507207,-6.1543829,,,,,,,,,,,,,,,,,,,
,Island View Bar,53.4497245,-6.1412099,,,,,,,,,,,,,,,,,,,
,The Ploughman,53.4458654,-6.2005072,,,,,,,,,,,,,,,,,,,
,The Wright Venue,53.4455023,-6.2237236,,,,,,,,,,,,,,,,,,,
,White House,53.4417816,-6.3386256,,,,,,,,,,,,,,,,,,,
,Tamangoes,53.4353101,-6.1239373,,,,,,,,,,,,,,,,,,,
,Oasis Bar and Grill,53.4351695,-6.1239719,,,,,,,,,,,,,,,,,,,
,Coachmans Inn,53.4324259,-6.2291918,,,,,,,,,,,,,,,,,,,
,Boot Inn,53.4318527,-6.2639303,,,,,,,,,,,,,,,,,,,
,Hollystown Golf Clubhouse,53.4312084,-6.3773606,,,,,,,,,,,,,,,,,,,
,Vertigo Bar,53.4274814,-6.2339754,,,,,,,,,,,,,,,,,,,
,Kealy's,53.4249937,-6.2300441,,,,,,,,,,,,,,,,,,,
,The Golf Links,53.4205196,-6.1377973,,,,,,,,,,,,,,,,,,,
,Campions Pub,53.4089109,-6.1784596,,,,,,,,,,,,,,,,,,,
,The Paddocks,53.4041329,-6.4261771,,,,,,,,,,,,,,,,,,,
,Paidi Ogs,53.4027495,-6.3974174,,,,,,,,,,,,,,,,,,,
,Clonliffe Harriers Club Bar,53.401471,-6.2435544,,,,,,,,,,,,,,,,,,,
,The Deputy Mayor,53.4013079,-6.2973089,,,,,,,,,,,,,,,,,,,
,The Brookwood Inn,53.3995399,-6.3747302,,,,,,,,,,,,,,,,,,,
,The Racecourse Inn,53.3967107,-6.1370502,,,,,,,,,,,,,,,,,,,
,Dusk Nightclub,53.3964581,-6.2149245,,,,,,,,,,,,,,,,,,,
,Newtown House,53.3963925,-6.1888701,,,,,,,,,,,,,,,,,,,
,The Swiss Cottage Pub and Off Licence,53.3957948,-6.2450829,,,,,,,,,,,,,,,,,,,
,The Towers,53.3956063,-6.2653481,,,,,,,,,,,,,,,,,,,
,Sanctuary,53.3955297,-6.3898787,,,,,,,,,,,,,,,,,,,
,The Donaghmede Inn,53.3951322,-6.1625014,,,,,,,,,,,,,,,,,,,
,Finglas Inn,53.3950932,-6.3112416,,,,,,,,,,,,,,,,,,,
,The Willows,53.3932971,-6.2859189,,,,,,,,,,,,,,,,,,,
,Hartstown House,53.3926692,-6.4197547,,,,,,,,,,,,,,,,,,,
,Martin's,53.390639,-6.2880196,,,,,,,,,,,,,,,,,,,
,The Shamrock Lodge,53.3902864,-6.2997612,,,,,,,,,,,,,,,,,,,
,Autobahn Roadhouse,53.3897043,-6.2712214,,,,,,,,,,,,,,,,,,,
,The Elphin,53.3893347,-6.1236878,,,,,,,,,,,,,,,,,,,
,The Cock and Bull Coolock,53.3893099,-6.2007869,,,,,,,,,,,,,,,,,,,
,Light,53.3892559,-6.3887472,,,,,,,,,,,,,,,,,,,
,The Bloody Stream,53.3889795,-6.0743615,,,,,,,,,,,,,,,,,,,
,The Concorde,53.3888986,-6.1809861,,,,,,,,,,,,,,,,,,,
,Lynch's Bayside Inn,53.3888802,-6.1411346,,,,,,,,,,,,,,,,,,,
,Kyle's,53.3888556,-6.2008612,,,,,,,,,,,,,,,,,,,
,The Comet,53.3884557,-6.2459625,,,,,,,,,,,,,,,,,,,
,Edenmore House,53.3882621,-6.1834132,,,,,,,,,,,,,,,,,,,
,O'Connell's,53.388225,-6.0639896,,,,,,,,,,,,,,,,,,,
,The Waterside,53.387775,-6.068756,,,,,,,,,,,,,,,,,,,
,Bottom of the Hill,53.3874456,-6.2971107,,,,,,,,,,,,,,,,,,,
,Harbour Bar,53.3870791,-6.0664186,,,,,,,,,,,,,,,,,,,
,Abbey Tavern,53.386909,-6.0657,,,,,,,,,,,,,,,,,,,
,Greyhound Inn,53.3867697,-6.3778447,,,,,,,,,,,,,,,,,,,
,Ardlea Inn,53.3867314,-6.2115192,,,,,,,,,,,,,,,,,,,
,The Foxhound Inn,53.3859746,-6.1555082,,,,,,,,,,,,,,,,,,,
,The Vineyard,53.3859686,-6.3744104,,,,,,,,,,,,,,,,,,,
,Beaumont House,53.3856539,-6.2329985,,,,,,,,,,,,,,,,,,,
,Matt Weldon's,53.3853244,-6.2656088,,,,,,,,,,,,,,,,,,,
,Nubar,53.3850696,-6.2589215,,,,,,,,,,,,,,,,,,,
,McNeills of Howth,53.3847462,-6.0652494,,,,,,,,,,,,,,,,,,,
,The Bell,53.3847278,-6.3715706,,,,,,,,,,,,,,,,,,,
,Artane House,53.3844321,-6.2141624,,,,,,,,,,,,,,,,,,,
,Brady's,53.384005,-6.3675935,,,,,,,,,,,,,,,,,,,
,The Roundabout,53.383917,-6.2068448,,,,,,,,,,,,,,,,,,,
,The Roselawn Inn,53.3837011,-6.38172,,,,,,,,,,,,,,,,,,,
,Cremore House,53.3823958,-6.2775816,,,,,,,,,,,,,,,,,,,
,Clonsilla Inn,53.3823836,-6.4078378,,,,,,,,,,,,,,,,,,,
,The Twelfth Lock,53.3821395,-6.3672381,,,,,,,,,,,,,,,,,,,
,Quarry House,53.382084,-6.2767253,,,,,,,,,,,,,,,,,,,
,Premier Bar,53.3819717,-6.2917626,,,,,,,,,,,,,,,,,,,
,The Cedar Lounge,53.3812315,-6.1649498,,,,,,,,,,,,,,,,,,,
,The Viscount,53.3809524,-6.2456914,,,,,,,,,,,,,,,,,,,
,The Cock and Bull Raheny,53.3806015,-6.1747884,,,,,,,,,,,,,,,,,,,
,The Goblet,53.3803235,-6.2101031,,,,,,,,,,,,,,,,,,,
,The Watermill,53.3797886,-6.1771249,,,,,,,,,,,,,,,,,,,
,Kavanaghs of Castleknock,53.3777671,-6.3765629,,,,,,,,,,,,,,,,,,,
,Bar@Regency,53.377485,-6.2467271,,,,,,,,,,,,,,,,,,,
,Kitty Kiernans,53.3766457,-6.2231851,,,,,,,,,,,,,,,,,,,
,Goose Tavern,53.3756968,-6.2398873,,,,,,,,,,,,,,,,,,,
,Ramble Inn,53.3754584,-6.2094955,,,,,,,,,,,,,,,,,,,
,Tolka House,53.3738004,-6.2689642,,,,,,,,,,,,,,,,,,,
,Craoibh Chiaráin GAA Club,53.373507,-6.2158181,,,,,,,,,,,,,,,,,,,
,Myos,53.3727605,-6.3624371,,,,,,,,,,,,,,,,,,,
,The Summit Inn,53.3726336,-6.0580717,,,,,,,,,,,,,,,,,,,
,Halfway House,53.3724429,-6.3311386,,,,,,,,,,,,,,,,,,,
,The Carpenter,53.3719777,-6.3891285,,,,,,,,,,,,,,,,,,,
,The Cat and Cage,53.371214,-6.253369,,,,,,,,,,,,,,,,,,,
,The Beachcomber,53.3706991,-6.2061379,,,,,,,,,,,,,,,,,,,
,Breffni Inn,53.370633,-6.3237573,,,,,,,,,,,,,,,,,,,
,The Gravediggers - Kavanagh's,53.3696375,-6.271916,,,,,,,,,,,,,,,,,,,
,Millmount House,53.3689129,-6.2553257,,,,,,,,,,,,,,,,,,,
,Graingers,53.3680334,-6.2268636,,,,,,,,,,,,,,,,,,,
,Bar@Tolka,53.3676758,-6.2512678,,,,,,,,,,,,,,,,,,,
,Fagan's,53.3674788,-6.2559745,,,,,,,,,,,,,,,,,,,
,The Cabra House,53.3674068,-6.2985855,,,,,,,,,,,,,,,,,,,
,Kennedys,53.3671409,-6.2556947,,,,,,,,,,,,,,,,,,,
,E. McGraths,53.3670618,-6.2933093,,,,,,,,,,,,,,,,,,,
,Harry Byrne's,53.3669927,-6.2163962,,,,,,,,,,,,,,,,,,,
,Botanic House,53.3667436,-6.2712435,,,,,,,,,,,,,,,,,,,
,Hole in the Wall,53.3660326,-6.3232856,,,,,,,,,,,,,,,,,,,
,Marino House (Kavanagh's),53.365756,-6.2288162,,,,,,,,,,,,,,,,,,,
,The Brian Boru (P. Hedigan),53.3652867,-6.2721226,,,,,,,,,,,,,,,,,,,
,Porterhouse North,53.3646974,-6.2713722,,,,,,,,,,,,,,,,,,,
,Smith's of Phibsborough,53.3639558,-6.2717388,,,,,,,,,,,,,,,,,,,
,Smyths,53.3633543,-6.2356954,,,,,,,,,,,,,,,,,,,
,Gaffney & Son,53.3630395,-6.236447,,,,,,,,,,,,,,,,,,,
,Finches,53.3629792,-6.2287076,,,,,,,,,,,,,,,,,,,
,Meagher's,53.3628264,-6.2401557,,,,,,,,,,,,,,,,,,,
,Annesley House,53.362621,-6.242264,,,,,,,,,,,,,,,,,,,
,The Homestead,53.3625577,-6.2903186,,,,,,,,,,,,,,,,,,,
,Salmon Leap Inn,53.3624588,-6.4862549,,,,,,,,,,,,,,,,,,,
,The Strawberry Hall,53.3624164,-6.3856639,,,,,,,,,,,,,,,,,,,
,The Yacht,53.3617505,-6.2151527,,,,,,,,,,,,,,,,,,,
,Clonliffe House,53.3612297,-6.2426649,,,,,,,,,,,,,,,,,,,
,Downey's,53.3611609,-6.2830916,,,,,,,,,,,,,,,,,,,
,The Red Parrott,53.3610529,-6.2596585,,,,,,,,,,,,,,,,,,,
,John Doyle,53.3609221,-6.2725085,,,,,,,,,,,,,,,,,,,
,Big Tree Tavern,53.3597953,-6.260942,,,,,,,,,,,,,,,,,,,
,The Hideout House,53.3596909,-6.2569405,,,,,,,,,,,,,,,,,,,
,Pebble Beach,53.3594872,-6.1896797,,,,,,,,,,,,,,,,,,,
,Angler's Rest,53.3591428,-6.3587854,,,,,,,,,,,,,,,,,,,
,Connolly's,53.3591091,-6.1956509,,,,,,,,,,,,,,,,,,,
,The Auld Triangle,53.3590045,-6.2616083,,,,,,,,,,,,,,,,,,,
,Phibsborough House (Clarke's),53.3588257,-6.2734242,,,,,,,,,,,,,,,,,,,
,The Foxhunter,53.3586043,-6.4188935,,,,,,,,,,,,,,,,,,,
,Gill's Corner House,53.3584678,-6.2543617,,,,,,,,,,,,,,,,,,,
,The Hogan Stand,53.358416,-6.255896,,,,,,,,,,,,,,,,,,,
C,W. J. Kavanagh,53.357666,-6.263463,,,,,,,,,,,,,,,,,,,
,Lowry's,53.357574,-6.2483087,,,,,,,,,,,,,,,,,,,
,Cusack's,53.3575123,-6.2424662,,,,,,,,,,,,,,,,,,,
,Hanlon's,53.3574462,-6.2887621,,,,,,,,,,,,,,,,,,,
,Aurora,53.3574023,-6.2641644,,,,,,,,,,,,,,,,,,,
,The Temple,53.3573745,-6.2637676,,,,,,,,,,,,,,,,,,,
,The Bridge Tavern,53.3573001,-6.2489006,,,,,,,,,,,,,,,,,,,
,EpiCentre,53.3572808,-6.2269266,,,,,,,,,,,,,,,,,,,
,Carrolls,53.3572117,-6.4495739,,,,,,,,,,,,,,,,,,,
,Kennys,53.3571718,-6.4502356,,,,,,,,,,,,,,,,,,,
,The Sunset House,53.3570266,-6.2493832,,,,,,,,,,,,,,,,,,,
,The Findlater,53.356953,-6.264515,,,,,,,,,,,,,,,,,,,
,Cú Chulainn's at Croke Park,53.3563652,-6.2507754,,,,,,,,,,,,,,,,,,,
,Palmerstown House,53.3563585,-6.3705141,,,,,,,,,,,,,,,,,,,
,Courtney's,53.3562645,-6.4502352,,,,,,,,,,,,,,,,,,,
,Dead Man's Inn,53.3560785,-6.3978172,,,,,,,,,,,,,,,,,,,
,The Berkeley,53.3560761,-6.2679438,,,,,,,,,,,,,,,,,,,
,Morleys,53.3560423,-6.2507725,,,,,,,,,,,,,,,,,,,
,Clarke's City Arms,53.3560081,-6.2880904,,,,,,,,,,,,,,,,,,,
,Maye's,53.3557864,-6.2652484,,,,,,,,,,,,,,,,,,,
,Delahunty's,53.355613,-6.265773,,,,,,,,,,,,,,,,,,,
,Glynn's,53.355499,-6.26587,,,,,,,,,,,,,,,,,,,
,Ball Alley,53.3554132,-6.4544933,,,,,,,,,,,,,,,,,,,
,The Long Island Bar,53.355365,-6.266071,,,,,,,,,,,,,,,,,,,
,Stoney's,53.3552202,-6.2604108,,,,,,,,,,,,,,,,,,,
,The Strand House,53.3550033,-6.2460175,,,,,,,,,,,,,,,,,,,
,Hill 16,53.3549532,-6.2572254,,,,,,,,,,,,,,,,,,,
,Seabank House,53.3548879,-6.2291889,,,,,,,,,,,,,,,,,,,
,Cumiskey's,53.354343,-6.2720844,,,,,,,,,,,,,,,,,,,
,Cheers,53.3542938,-6.262992,,,,,,,,,,,,,,,,,,,
,Hynes,53.3542365,-6.2866899,,,,,,,,,,,,,,,,,,,
,The Ark,53.3541515,-6.4028674,,,,,,,,,,,,,,,,,,,
,O'Reilley's - The Deer's Head,53.3533856,-6.2601713,,,,,,,,,,,,,,,,,,,
,Kavanagh's,53.3533594,-6.2858818,,,,,,,,,,,,,,,,,,,
,The Metro,53.3532236,-6.2604412,,,,,,,,,,,,,,,,,,,
,Fibber Magee's,53.352912,-6.260365,,,,,,,,,,,,,,,,,,,
,Lloyd's,53.3526642,-6.2492305,,,,,,,,,,,,,,,,,,,
,Mullet's Pub,53.3525997,-6.249261,,,,,,,,,,,,,,,,,,,
,Murrays,53.3523431,-6.2609615,,,,,,,,,,,,,,,,,,,
,Cleary's,53.3523358,-6.2495435,,,,,,,,,,,,,,,,,,,
,The King's Inn,53.352258,-6.269085,,,,,,,,,,,,,,,,,,,
,Barbers,53.3521556,-6.279828,,,,,,,,,,,,,,,,,,,
,Toddy's Bar & Brasserie,53.3518722,-6.2607621,,,,,,,,,,,,,,,,,,,
,Madigans,53.3514331,-6.2605934,,,,,,,,,,,,,,,,,,,
,Madigans Bar & Restaurant,53.3514108,-6.2497907,,,,,,,,,,,,,,,,,,,
,The Vaults,53.3513612,-6.2494796,,,,,,,,,,,,,,,,,,,
,Grainger's,53.3512425,-6.2504008,,,,,,,,,,,,,,,,,,,
,Molloy's,53.3511395,-6.2513336,,,,,,,,,,,,,,,,,,,
,Tommy O'Gara,53.351055,-6.2823239,,,,,,,,,,,,,,,,,,,
,L Mulligan Grocer,53.3509974,-6.2822321,,,,,,,,,,,,,,,,,,,
,Beerhouse,53.350934,-6.270098,,,,,,,,,,,,,,,,,,,
,Mother Kelly's,53.3508694,-6.2529113,,,,,,,,,,,,,,,,,,,
,O'Shea's,53.3508625,-6.2542696,,,,,,,,,,,,,,,,,,,
,The Glimmer Man,53.3508425,-6.2819631,,,,,,,,,,,,,,,,,,,
,Noctor's,53.3507552,-6.2448064,,,,,,,,,,,,,,,,,,,
,Branigan's,53.3504075,-6.2597878,,,,,,,,,,,,,,,,,,,
,J. Walsh & Co.,53.3503669,-6.2816237,,,,,,,,,,,,,,,,,,,
,The Richmond,53.3503544,-6.2746953,,,,,,,,,,,,,,,,,,,
,The Tap,53.3502119,-6.2748187,,,,,,,,,,,,,,,,,,,
,The Brew Dock,53.3501036,-6.2510898,,,,,,,,,,,,,,,,,,,
,Silver Granite,53.3500748,-6.3774029,,,,,,,,,,,,,,,,,,,
,Le Monde,53.350062,-6.252673,,,,,,,,,,,,,,,,,,,
,Madigan's,53.350038,-6.259441,,,,,,,,,,,,,,,,,,,
,Delaneys,53.3498707,-6.2788764,,,,,,,,,,,,,,,,,,,
,The Green Room,53.3498005,-6.2299289,,,,,,,,,,,,,,,,,,,
,The Black Sheep,53.3497856,-6.2691542,,,,,,,,,,,,,,,,,,,
,Villager Inn,53.3496727,-6.3444019,,,,,,,,,,,,,,,,,,,
,La Cuvée,53.3496228,-6.2437451,,,,,,,,,,,,,,,,,,,
,Lagoona,53.3496181,-6.2430718,,,,,,,,,,,,,,,,,,,
,The Capel,53.3492625,-6.2704646,,,,,,,,,,,,,,,,,,,
,ely,53.34921,-6.248099,,,,,,,,,,,,,,,,,,,
,The Sackville Lounge,53.348973,-6.258864,,,,,,,,,,,,,,,,,,,
,Oscars,53.348862,-6.2785235,,,,,,,,,,,,,,,,,,,
,Hemidemisemiquaver Bar,53.3487544,-6.2285572,,,,,,,,,,,,,,,,,,,
,Madigan's,53.348672,-6.258702,,,,,,,,,,,,,,,,,,,
,Mullingar House,53.3484058,-6.342364,,,,,,,,,,,,,,,,,,,
,The Pint,53.3483395,-6.2560034,,,,,,,,,,,,,,,,,,,
,The Grand Central Bar,53.3483218,-6.2591879,,,,,,,,,,,,,,,,,,,
,Nancy Hand's,53.3482141,-6.293962,,,,,,,,,,,,,,,,,,,
,Judge Darley's,53.3480637,-6.2897384,,,,,,,,,,,,,,,,,,,
,The Millenium,53.3480466,-6.2900462,,,,,,,,,,,,,,,,,,,
,Lanigans,53.3479963,-6.2578841,,,,,,,,,,,,,,,,,,,
,Clifton Court Bar,53.3479727,-6.257976,,,,,,,,,,,,,,,,,,,
,Bridge Inn,53.3477481,-6.3457934,,,,,,,,,,,,,,,,,,,
,H. Mathews,53.3474758,-6.2815985,,,,,,,,,,,,,,,,,,,
,Bachelor Inn,53.347467,-6.2601796,,,,,,,,,,,,,,,,,,,
,O'Connell's,53.3474403,-6.2602855,,,,,,,,,,,,,,,,,,,
,The Penny Hill,53.3473896,-6.4238869,,,,,,,,,,,,,,,,,,,
,McGettigans,53.3473094,-6.2802575,,,,,,,,,,,,,,,,,,,
,Arlington Bar & Restaurant,53.3472913,-6.2609008,,,,,,,,,,,,,,,,,,,
,Knightsbridge Bar,53.3472531,-6.2609685,,,,,,,,,,,,,,,,,,,
,Dice Bar,53.3471088,-6.2803579,,,,,,,,,,,,,,,,,,,
,O'Reilly's Sub Lounge,53.3470972,-6.254074,,,,,,,,,,,,,,,,,,,
,The Mission,53.3470952,-6.2836885,,,,,,,,,,,,,,,,,,,
,Frank Ryan's,53.3470056,-6.2800493,,,,,,,,,,,,,,,,,,,
,River Bar,53.3468848,-6.2584276,,,,,,,,,,,,,,,,,,,
,Galway Hooker (Carvery Bar),53.3467462,-6.2924467,,,,,,,,,,,,,,,,,,,
,Fitzgerald's,53.3466376,-6.2596538,,,,,,,,,,,,,,,,,,,
,Panti Bar,53.3466109,-6.2677926,,,,,,,,,,,,,,,,,,,
,Tramline,53.3465386,-6.2572609,,,,,,,,,,,,,,,,,,,
,Play Night Club,53.3464453,-6.2578726,,,,,,,,,,,,,,,,,,,
,Cassidy's,53.34635,-6.2588755,,,,,,,,,,,,,,,,,,,
,Gypsy Rose Rock and Blues Bar,53.3462348,-6.261398,,,,,,,,,,,,,,,,,,,
,Pifko Bar,53.3460172,-6.2802844,,,,,,,,,,,,,,,,,,,
,O'Sullivan's,53.3460124,-6.2594584,,,,,,,,,,,,,,,,,,,
,Ruin Bar,53.3459878,-6.2553324,,,,,,,,,,,,,,,,,,,
,Merchant's Arch,53.3459235,-6.262875,,,,,,,,,,,,,,,,,,,
,Ned's,53.3459067,-6.2519855,,,,,,,,,,,,,,,,,,,
,Fibbers Rock Bar,53.3457761,-6.2711082,,,,,,,,,,,,,,,,,,,
,O'Donohoe's,53.3457256,-6.2576811,,,,,,,,,,,,,,,,,,,
,The Legal Eagle,53.345711,-6.2721255,,,,,,,,,,,,,,,,,,,
,O'Reilly Bros.,53.3456393,-6.2717761,,,,,,,,,,,,,,,,,,,
,The Liquor Rooms,53.345308,-6.2671118,,,,,,,,,,,,,,,,,,,
,The Wind Jammer,53.3452765,-6.2483476,,,,,,,,,,,,,,,,,,,
,Porterhouse,53.3451283,-6.2674278,,,,,,,,,,,,,,,,,,,
,O'Shea's Merchant,53.3451273,-6.2757517,,,,,,,,,,,,,,,,,,,
,Vintage Cocktail Club,53.3450767,-6.2629605,,,,,,,,,,,,,,,,,,,
,Bad Bobs Temple Bar,53.3450328,-6.2659898,,,,,,,,,,,,,,,,,,,
,Brazen Head,53.3449779,-6.276351,,,,,,,,,,,,,,,,,,,
,The Czech Inn,53.3449133,-6.2679467,,,,,,,,,,,,,,,,,,,
,Senior Common Room,53.3448626,-6.2575823,,,,,,,,,,,,,,,,,,,
,The Trinity Inn,53.3448371,-6.2521202,,,,,,,,,,,,,,,,,,,
,Club M,53.3448128,-6.2623304,,,,,,,,,,,,,,,,,,,
,Turk's Head,53.3447932,-6.2676803,,,,,,,,,,,,,,,,,,,
,McGrath's,53.3446958,-6.3978322,,,,,,,,,,,,,,,,,,,
,The Mezz,53.3446793,-6.2646857,,,,,,,,,,,,,,,,,,,
,The Vat House,53.3446258,-6.2619853,,,,,,,,,,,,,,,,,,,
,Sin,53.3445794,-6.2658339,,,,,,,,,,,,,,,,,,,
,The Front Lounge,53.3444281,-6.267547,,,,,,,,,,,,,,,,,,,
,The Back Lounge,53.3443688,-6.2679333,,,,,,,,,,,,,,,,,,,
,Citi Bar,53.3443064,-6.263706,,,,,,,,,,,,,,,,,,,
,Underdog,53.344295,-6.266337,,,,,,,,,,,,,,,,,,,
,Brogan's Bar,53.3442904,-6.2663911,,,,,,,,,,,,,,,,,,,
,The Oak,53.3442781,-6.2669965,,,,,,,,,,,,,,,,,,,
,Peadar Kearney's,53.344272,-6.265415,,,,,,,,,,,,,,,,,,,
,Thomas Read's,53.344215,-6.2671595,,,,,,,,,,,,,,,,,,,
,The Lombard,53.3441892,-6.2490239,,,,,,,,,,,,,,,,,,,
,Forum Bar,53.3440629,-6.2685415,,,,,,,,,,,,,,,,,,,
,Darkey Kelly's,53.3439563,-6.2699696,,,,,,,,,,,,,,,,,,,
,Dame Tavern,53.343795,-6.2639138,,,,,,,,,,,,,,,,,,,
,The George,53.3437938,-6.2646675,,,,,,,,,,,,,,,,,,,
,J.T. Pims,53.3437169,-6.2642961,,,,,,,,,,,,,,,,,,,
,McCanns,53.343539,-6.289078,,,,,,,,,,,,,,,,,,,
,The Tram,53.3434972,-6.2905632,,,,,,,,,,,,,,,,,,,
,Bull & Castle,53.343428,-6.2698992,,,,,,,,,,,,,,,,,,,
,Hangar,53.3434027,-6.2625017,,,,,,,,,,,,,,,,,,,
,Cafe Bar H,53.3433861,-6.2388784,,,,,,,,,,,,,,,,,,,
,Padraig Pearse,53.3433273,-6.2447582,,,,,,,,,,,,,,,,,,,
,Agnes Browne's,53.3432707,-6.281063,,,,,,,,,,,,,,,,,,,
,The Old Stand,53.3431296,-6.2621909,,,,,,,,,,,,,,,,,,,
,The International,53.3431173,-6.2618563,,,,,,,,,,,,,,,,,,,
,The Exchequer,53.3431091,-6.2638694,,,,,,,,,,,,1,,,,,,,
,The Laurence Lounge,53.3430251,-6.3380349,,,,,,,,,,,,,,,,,,,
,The Malt House,53.3429392,-6.291006,,,,,,,,,,,,,,,,,,,
,Tom Kennedy's,53.3427402,-6.2772127,,,,,,,,,,,,,,,,,,,
,Baker's Bar & Irish Restaurant,53.3426678,-6.2789135,,,,,,,,,,,,,,,,,,,
,Sarsfield Racing Pigeon Club,53.342616,-6.3356959,,,,,,,,,,,,,,,,,,,
,Ruby Finnegan's,53.3425941,-6.3300954,,,,,,,,,,,,,,,,,,,
,Alfie's,53.342562,-6.262383,,,,,,,,,,,,,,,,,,,
,The Old Harbour,53.3424956,-6.2885758,,,,,,,,,,,,,,,,,,,
,Farrier and Draper,53.34249,-6.262202,,,,,,,,,,,,,,,,,,,
,Murray's Bar,53.3424449,-6.2968145,,,,,,,,,,,,,,,,,,,
,Kennys Lounge,53.3424332,-6.2944638,,,,,,,,,,,,,,,,,,,
,O' Shea's 79 Inn,53.3424148,-6.3589429,,,,,,,,,,,,,,,,,,,
,The Ship Wright Public House,53.3423779,-6.2276472,,,,,,,,,,,,,,,,,,,
,Downey's,53.3423356,-6.3571492,,,,,,,,,,,,,,,,,,,
,Chelsea Drugstore,53.3422564,-6.2643631,,,,,,,,,,,,,,,,,,,
,J. Grogan's,53.3422228,-6.2627154,,,,,,,,,,,,,,,,,,,
,Pygmalion,53.342172,-6.2623045,,,,,,,,,,,,,,,,,,,
,The Blarney Inn,53.3421258,-6.2548307,,,,,,,,,,,,,,,,,,,
,Club Nassau,53.3421151,-6.2547398,,,,,,,,,,,,,,,,,,,
,Gravity Bar,53.3420515,-6.2865388,,,,,,,,,,,,,,,,,,,
,The Bailey,53.3420138,-6.2594743,,,,,,,,,,,,,,,,,,,
C,Berlin,53.3419932,-6.2615257,,,,,,,,,,,,,,,,,,,
,Drury Buildings,53.34189,-6.263488,,,,,,,,,,,,,,,,,,,
,Davy Byrne's,53.3418397,-6.2593595,,,,,,,,,,,,,,,,,,,
,Ballyfermot Sports and Social Club,53.3418271,-6.3575331,,,,,,,,,,,,,,,,,,,
,Raytown Bar,53.3417321,-6.2275498,,,,,,,,,,,,,,,,,,,
,John Clarke and Sons,53.3417218,-6.2276614,,,,,,,,,,,,,,,,,,,
,The Lark Inn,53.341684,-6.278673,,,,,,,,,,,,,,,,,,,
,Tim Young's,53.3416494,-6.3568639,,,,,,,,,,,,,,,,,,,
,Clearys,53.3416481,-6.3213608,,,,,,,,,,,,,,,,,,,
,Lemon & Duke,53.341618,-6.259124,,,,,,,,,,,,,,,,,,,
,The Liberty Belle,53.341565,-6.274883,,,,,,,,,,,,,,,,,,,
,The Liberty Bar,53.3414826,-6.2785349,,,,,,,,,,,,,,,,,,,
,The Lord Lucan,53.3413511,-6.4518321,,,,,,,,,,,,,,,,,,,
,Bruxelles,53.3413431,-6.2608849,,,,,,,,,,,,,,,,,,,
,McDaid's,53.3412015,-6.2610492,,,,,,,,,,,,,,,,,,,
,Break for the Border,53.3410955,-6.2641191,,,,,,,,,,,,,,,,,,,
,Platform One,53.3410509,-6.3351801,,,,,,,,,,,,,,,,,,,
,Sheehan's,53.3409542,-6.261812,,,,,,,,,,,,,,,,,,,
,Sure Bar,53.3408345,-6.2681589,,,,,,,,,,,,,,,,,,,
,The Glen of Aherlow,53.3407421,-6.3107255,,,,,,,,,,,,,,,,,,,
,The Fountain,53.3406636,-6.27815,,,,,,,,,,,,,,,,,,,
,J.J. Smyth,53.3405863,-6.2654253,,,,,,,,,,,,,,,,,,,
,37 Dawson Street,53.34052,-6.258678,,,,,,,,,,,,,,,,,,,
,Zozimos,53.340513,-6.259733,,,,,,,,,,,,,,,,,,,
,Coffey's,53.3405122,-6.3144898,,,,,,,,,,,,,,,,,,,
,Brewery Inn,53.3404859,-6.2868779,,,,,,,,,,,,,,,,,,,
,Harry's on the Green,53.340424,-6.263196,,,,,,,,,,,,,,,,,,,
,Richmond House,53.3402486,-6.3168219,,,,,,,,,,,,,,,,,,,
,Delaneys,53.3402121,-6.2655964,,,,,,,,,,,,,,,,,,,
,La Ruelle,53.340197,-6.2588312,,,,,,,,,,,,,,,,,,,
,Sinnott's,53.3400902,-6.2617022,,,,,,,,,,,,,,,,,,,
,The Irishtown House,53.3399687,-6.2231801,,,,,,,,,,,,,,,,,,,
,Shanahan's,53.33975,-6.275659,,,,,,,,,,,,,,,,,,,
,The Lamplighter,53.3397428,-6.2780884,,,,,,,,,,,,,,,,,,,
,The Village Inn,53.3396359,-6.3212189,,,,,,,,,,,,,,,,,,,
,The Black Lion,53.3396154,-6.320788,,,,,,,,,,,,,,,,,,,
C,Dandelion,53.3395917,-6.261278,,,,,,,,,,,,,,,,,,,
,Croughs Pub,53.3395619,-6.3186912,,,,,,,,,,,,,,,,,,,
,Howl at the Moon,53.3391274,-6.2455261,,,,,,,,,,,,,,,,,,,
,Fallon's,53.3389839,-6.2733761,,,,,,,,,,,,,,,,,,,
,Oliver Gleeson & Son,53.3386881,-6.2229321,,,,,,,,,,,,,,,,,,,
,McGrattan's Café Bar,53.3385982,-6.2511535,,,,,,,,,,,,,,,,,,,
,Oil Can Harry's,53.338371,-6.243188,,,,,,,,,,,,,,,,,,,
,Foley's,53.3383173,-6.2537444,,,,,,,,,,,,,,,,,,,
,O'Donoghue's,53.3381797,-6.2542886,,,,,,,,,,,,,,,,,,,
,Ely Wine Bar,53.3379225,-6.2540837,,,,,,,,,,,,,,,,,,,
,Scruffy Murphy's,53.3379124,-6.2428578,,,,,,,,,,,,,,,,,,,
,Karma Stone Bar,53.3374409,-6.2659032,,,,,,,,,,,,,,,,,,,
,Magic Glasses,53.3374044,-6.2634682,,,,,,,,,,,,,,,,,,,
,Slattery's,53.3373041,-6.2342153,,,,,,,,,,,,,,,,,,,
,The Chophouse,53.3370648,-6.2340815,,,,,,,,,,,,,,,,,,,
,Matt the Thresher,53.3370247,-6.2516717,,,,,,,,,,,,,,,,,,,
,Morrissey's,53.3369065,-6.2874547,,,,,,,,,,,,,,,,,,,
,Opium,53.3367018,-6.2656562,,,,,,,,,,,,,,,,,,,
,The Bird Flanagan,53.3365462,-6.299192,,,,,,,,,,,,,,,,,,,
,Kavanagh's,53.3363297,-6.2728689,,,,,,,,,,,,,,,,,,,
,Olive Green,53.3362743,-6.2485692,,,,,,,,,,,,,,,,,,,
,Peadar Browns,53.3362336,-6.2734533,,,,,,,,,,,,,,,,,,,
,café Ballsbridge,53.3362221,-6.2366936,,,,,,,,,,,,,,,,,,,
,Flannery's,53.3361055,-6.2651522,,,,,,,,,,,,,,,,,,,
,McCauley's,53.3360993,-6.2978478,,,,,,,,,,,,,,,,,,,
,Krystle,53.3360106,-6.2634085,,,,,,,,,,,,,,,,,,,
,Hartigan's,53.3359552,-6.2565964,,,,,,,,,,,,,,,,,,,
,Diceys,53.3359505,-6.2633588,,,,,,,,,,,,,,,,,,,
,The Palace,53.3359232,-6.265508,,,,,,,,,,,,,,,,,,,
,Marble Arch,53.3358378,-6.3120274,,,,,,,,,,,,,,,,,,,
,Everleigh Garden,53.3351615,-6.2634856,,,,,,,,,,,,,,,,,,,
,Alfie Byrnes,53.334817,-6.2575719,,,,,,,,,,,,,,,,,,,
,The Black Horse Inn,53.3346403,-6.3276072,,,,,,,,,,,,,,,,,,,
,The Black Horse,53.3346025,-6.3276059,,,,,,,,,,,,,,,,,,,
,Leggs pub,53.3341764,-6.254773,,,,,,,,,,,,,,,,,,,
,House Dublin,53.3340114,-6.2551589,,,,,,,,,,,,,,,,,,,
,The Wellington,53.3338604,-6.245307,,,,,,,,,,,,,,,,,,,
,Lowes Bar,53.333764,-6.2906371,,,,,,,,,,,,,,,,,,,
,Odeon,53.3333475,-6.262368,,,,,,,,,,,,,,,,,,,
,C Central,53.3331138,-6.2647717,,,,,,,,,,,,,,,,,,,
,O'Reilly,53.3327685,-6.2152588,,,,,,,,,,,,,,,,,,,
,Ryans Sandymount House,53.3324339,-6.2153693,,,,,,,,,,,,,,,,,,,
,The Headline Bar,53.3323927,-6.2754619,,,,,,,,,,,,,,,,,,,
,Den Bar,53.3322511,-6.2412802,,,,,,,,,,,,,,,,,,,
,The Barn House,53.3322249,-6.2927681,,,,,,,,,,,,,,,,,,,
,Leonard's Corner,53.3321576,-6.2753834,,,,,,,,,,,,,,,,,,,
,The Bridge House,53.331802,-6.294492,,,,,,,,,,,,,,,,,,,
,The Sussex Bar (M. O'Brien),53.3313809,-6.2516835,,,,,,,,,,,,,,,,,,,
,Charlemont Bar & Bistro,53.3309476,-6.259287,,,,,,,,,,,,,,,,,,,
,J. O'Connell,53.3306607,-6.2641189,,,,,,,,,,,,,,,,,,,
,Rain,53.3304476,-6.2640813,,,,,,,,,,,,,,,,,,,
,MVP,53.3304221,-6.275613,,,,,,,,,,,,,,,,,,,
,The Harold House,53.3300206,-6.2752027,,,,,,,,,,,,,,,,,,,
,The Waterside,53.3286777,-6.3964111,,,,,,,,,,,,,,,,,,,
,The Gate Bar,53.3286432,-6.3033621,,,,,,,,,,,,,,,,,,,
,Horse Show House,53.3284885,-6.2289402,,,,,,,,,,,,,,,,,,,
,Shearys,53.328038,-6.304945,,,,,,,,,,,,,,,,,,,
,The Old County,53.3273937,-6.3060022,,,,,,,,,,,,,,,,,,,
,Tap House,53.3251267,-6.254258,,,,,,,,,,,,,,,,,,,
,The Four Roads,53.3244717,-6.2964335,,,,,,,,,,,,,,,,,,,
,Smyths of Ranelagh,53.324191,-6.252381,,,,,,,,,,,,,,,,,,,
,The Longmile Inn,53.3241703,-6.3290473,,,,,,,,,,,,,,,,,,,
,Eleanora's,53.3241269,-6.3254374,,,,,,,,,,,,,,,,,,,
,The Blackforge Inn,53.3239923,-6.3264132,,,,,,,,,,,,,,,,,,,
,The Halfway House,53.3238179,-6.328425,,,,,,,,,,,,,,,,,,,
,Boomers,53.3235135,-6.3792415,,,,,,,,,,,,,,,,,,,
,Kielys,53.322212,-6.2365571,,,,,,,,,,,,,,,,,,,
,Arthur Maynes,53.3216556,-6.2352771,,,,,,,,,,,,,,,,,,,
,Quinlan's,53.3215095,-6.393197,,,,,,,,,,,,,,,,,,,
,The Village,53.3211955,-6.3932185,,,,,,,,,,,,,,,,,,,
,The Laurels,53.3210417,-6.3925962,,,,,,,,,,,,,,,,,,,
,The Steering Wheel,53.3207853,-6.3941733,,,,,,,,,,,,,,,,,,,
,The Hub (The Shaw Arms),53.3206892,-6.3162604,,,,,,,,,,,,,,,,,,,
,The Stone Boat,53.3206556,-6.2921497,,,,,,,,,,,,,,,,,,,
C,Rosie O'Grady,53.320137,-6.278921,,,,,,,,,,,,,,,,,,,
,The Horse Shoe,53.3200915,-6.3161146,,,,,,,,,,,,,,,,,,,
,Frehill's Tavern,53.3195865,-6.3131108,,,,,,,,,,,,,,,,,,,
,Mc Evoys,53.3181305,-6.5187097,,,,,,,,,,,,,,,,,,,
,The Kestrel House,53.3174091,-6.3323303,,,,,,,,,,,,,,,,,,,
,The Cherry Tree Pub,53.3164631,-6.3327284,,,,,,,,,,,,,,,,,,,
,The Submarine,53.3161733,-6.3173858,,,,,,,,,,,,,,,,,,,
,Rory O'Connor's,53.3159336,-6.3173081,,,,,,,,,,,,,,,,,,,
,The Black Horse Inn,53.3145684,-6.3000531,,,,,,,,,,,,,,,,,,,
,KCR House,53.3141966,-6.2964378,,,,,,,,,,,,,,,,,,,
,O'Sheas,53.314129,-6.2387996,,,,,,,,,,,,,,,,,,,
,P.J. Branagan's Pub,53.3125386,-6.2021347,,,,,,,,,,,,,,,,,,,
C,Coman's,53.312007,-6.2748056,,,,,,,,,,,,,,,,,,,
,The Terenure Inn,53.3113561,-6.2830549,,,,,,0,,,,,,,,,,,,,
,The Two Sisters,53.3090557,-6.3052695,,,,,,,,,,,,,,,,,,,
,The Punch Bowl,53.3087656,-6.1966601,,,,,,,,,,,,,,,,,,,
,UCD Clubhouse Bar,53.3081294,-6.2270405,,,,,,,,,,,,,,,,,,,
,The Laurels,53.3079564,-6.3195456,,,,,,,,,,,,,,,,,,,
,The Kingswood Lodge,53.3074073,-6.3672745,,,,,,,,,,,,,,,,,,,
,The Pines,53.3073383,-6.3188972,,,,,,,,,,,,,,,,,,,
,Traders,53.3068903,-6.33728,,,,,,,,,,,,,,,,,,,
,Gleesons of Booterstown,53.3054689,-6.197606,,,,,,,,,,,,,,,,,,,
,The Student Bar,53.3050518,-6.220358,,,,,,,,,,,,,,,,,,,
,Kynes,53.3036457,-6.2454947,,,,,,,,,,,,,,,,,,,
,Wicked Wolf,53.3019062,-6.1779873,,,,,,,,,,,,,,,,,,,
,The Belgard,53.3018277,-6.3785768,,,,,,,,,,,,,,,,,,,
,Conways,53.3017772,-6.1781655,,,,,,,,,,,,,,,,,,,
,Ryans Arbour House,53.3017485,-6.2455706,,,,,,,,,,,,,,,,,,,
,Coco's,53.3017284,-6.3783724,,,,,,,,,,,,,,,,,,,
,The Breffini,53.3016547,-6.1776352,,,,,,,,,,,,,,,,,,,
,The Three Tun Tavern,53.3006696,-6.1770232,,,,,,,,,,,,,,,,,,,
,The Dark Horse,53.2998605,-6.1796235,,,,,,,,,,,,,,,,,,,
,The Gondola,53.2997394,-6.5010254,,,,,,,,,,,,,,,,,,,
,The Glenside,53.2997297,-6.2680345,,,,,,,,,,,,,,,,,,,
,The Sarah Curran,53.2988922,-6.2863294,,,,,,,,,,,,,,,,,,,
,The Castle Inn,53.2984409,-6.2854688,,,,,,,,,,,,,,,,,,,
,The Revels,53.2983302,-6.2855664,,,,,,,,,,,,,,,,,,,
,The Morgue,53.2982759,-6.3028112,,,,,,,,,,,,,,,,,,,
,The Yellow House,53.2967,-6.284926,,,,,,,,,,,,,,,,,,,
,Kennedys Bar,53.296478,-6.211426,,,,,,,,,,,,,,,,,,,
,The Pennyblack,53.2958987,-6.3413013,,,,,,,,,,,,,,,,,,,
,The Purty Loft,53.2952488,-6.1480491,,,,,,,,,,,,,,,,,,,
,Uncle Tom's Cabin,53.2952057,-6.2465187,,,,,,,,,,,,,,,,,,,
,The Purty Kitchen,53.2951939,-6.1481504,,,,,,,,,,,,,,,,,,,
,The Bottle Tower,53.2949868,-6.2568591,,,,,,,,,,,,,,,,,,,
,Gilbert & Wright,53.2947796,-6.141591,,,,,,,,,,,,,,,,,,,
,Beer Traders,53.2946851,-6.1425241,,,,,,,,,,,,,,,,,,,
,The Old Orchard,53.2946757,-6.2993378,,,,,,,,,,,,,,,,,,,
,The Yacht Tavern,53.294621,-6.1392138,,,,,,,,,,,,,,,,,,,
,The Pub,53.2940115,-6.1533954,,,,,,,,,,,,,,,,,,,
,Tim O'Loughlins,53.29395,-6.1400487,,,,,,,,,,,,,,,,,,,
,The Blue Haven,53.2936673,-6.3084273,,,,,,,,,,,,,,,,,,,
,Goggins,53.2935592,-6.1545818,,,,,,,,,,,,,,,,,,,
,D'arcy McGees,53.2934407,-6.3236249,,,,,,,,,,,,,,,,,,,
,Browns Barn Bar & Kitchen,53.2933103,-6.4309252,,,,,,,,,,,,,,,,,,,
,Dunphy's,53.2932133,-6.1387934,,,,,,,,,,,,,,,,,,,
,McKenna's Bar and Lounge,53.2930811,-6.1373066,,,,,,,,,,,,,,,,,,,
,Farrells,53.2928679,-6.1351269,,,,,,,,,,,,,,,,,,,
,The Carlisle Bar,53.2920178,-6.1303418,,,,,,,,,,,,,,,,,,,
,Hardys Bar,53.2919874,-6.1341504,,,,,,,,,,,,,,,,,,,
,Lion Bar and Restaurant,53.2917336,-6.1350302,,,,,,,,,,,,,,,,,,,
,Kozie II,53.2899995,-6.1305927,,,,,,,,,,,,,,,,,,,
,Metro Café & Bar,53.2897005,-6.3650119,,,,,,,,,,,,,,,,,,,
,The Eagle,53.2890571,-6.2431582,,,,,,,,,,,,,,,,,,,
,The Nest,53.2889723,-6.2430683,,,,,,,,,,,,,,,,,,,
,Bolands,53.2886897,-6.1982685,,,,,,,,,,,,,,,,,,,
,O'Dywers,53.288658,-6.2160149,,,,,,,,,,,,,,,,,,,
,Mill House,53.2883233,-6.2047809,,,,,,,,,,,,,,,,,,,
,The Orchard Pub,53.2882164,-6.1969448,,,,,,,,,,,,,,,,,,,
,Winters Bar,53.2881483,-6.2420478,,,,,,,,,,,,,,,,,,,
,The Dragon Inn,53.2880299,-6.3621864,,,,,,,,,,,,,,,,,,,
,Molloy's Foxes Covert,53.2879405,-6.3594067,,,,,,,,,,,,,,,,,,,
,The Wishing Well,53.287642,-6.1777609,,,,,,,,,,,,,,,,,,,
,Level 4 Nightclub,53.287319,-6.3663674,,,,,,,,,,,,,,,,,,,
,The Eagle House,53.2869974,-6.1231836,,,,,,,,,,,,,,,,,,,
,Delaneys,53.2869197,-6.3280429,,,,,,,,,,,,,,,,,,,
,Mortons,53.2867649,-6.3318195,,,,,,,,,,,,,,,,,,,
,P. Cormack and Sons,53.2863251,-6.1457168,,,,,,,,,,,,,,,,,,,
,The Farmhouse Inn,53.2862266,-6.1560472,,,,,,,,,,,,,,,,,,,
,Fitzgeralds,53.2859678,-6.1186135,,,,,,,,,,,,,,,,,,,
,Fortunestown Inn,53.2851336,-6.407559,,,,,,,,,,,,,,,,,,,
,The Willows,53.2842099,-6.2508159,,,,,,,,,,,,,,,,,,,
,Buglers,53.2839949,-6.2953102,,,,,,,,,,,,,,,,,,,
,Speaker Connolly,53.2819469,-6.341058,,,,,,,,,,,,,,,,,,,
,Muldowneys,53.2818989,-6.4660302,,,,,,,,,,,,,,,,,,,
,The Baurnafea House,53.281198,-6.4690965,,,,,,,,,,,,,,,,,,,
,An Poitin Stil,53.2811723,-6.476985,,,,,,,,,,,,,,,,,,,
,The Eden House,53.281142,-6.2756858,,,,,,,,,,,,,,,,,,,
,Rathcoole Inn,53.2811356,-6.4703604,,,,,,,,,,,,,,,,,,,
,Bakers Corner,53.2805661,-6.1577501,,,,,,,,,,,,,,,,,,,
,Jacobs,53.2805016,-6.4445633,,,,,,,,,,,,,,,,,,,
,The Leopardstown Inn,53.2792343,-6.1967656,,,,,,,,,,,,,,,,,,,
,The Grange,53.2787698,-6.1636218,,,,,,,,,,,,,,,,,,,
,Furry Bog,53.2781783,-6.2882026,,,,,,,,,,,,,,,,,,,
,The Queen's,53.2781325,-6.1050636,,,,,,,,,,,,,,,,,,,
,Aherns,53.2779386,-6.3582424,,,,,,,,,,,,,,,,,,,
,Ivory,53.2778184,-6.1072649,,,,,,,,,,,,,,,,,,,
,Jobstown House,53.2777263,-6.3966456,,,,,,,,,,,,,,,,,,,
,The King's Inn,53.2774773,-6.1048921,,,,,,,,,,,,,,,,,,,
,The Club Lounge,53.2773116,-6.1025756,,,,,,,,,,,,,,,,,,,
,The Magpie,53.2770582,-6.1030543,,,,,,,,,,,,,,,,,,,
,The Sallymoggin Inn,53.2769391,-6.1433868,,,,,,,,,,,,,,,,,,,
,Ollie's Bar and Lounge Snadyford,53.2767305,-6.2240158,,,,,,,,,,,,,,,,,,,
,Crystal Bar,53.2766653,-6.2206564,,,,,,,,,,,,,,,,,,,
,Finnegan's,53.2764631,-6.1029636,,,,,,,,,,,,,,,,,,,
,The Coach House,53.2763613,-6.2491402,,,,,,,,,,,,,,,,,,,
,The Copper Bar / Holy Cow Steakhouse,53.2763595,-6.2165054,,,,,,,,,,,,,,,,,,,
,The Old Mill,53.2751247,-6.354174,,,,,,,,,,,,,,,,,,,
,Scholars,53.2750936,-6.3449534,,,,,,,,,,,,,,,,,,,
,The Ballinteer House,53.2747643,-6.2545959,,,,,,,,,,,,,,,,,,,
,Kiltipper Pub,53.2717195,-6.3715716,,,,,,,,,,,,,,,,,,,
,Sandyford House,53.2696974,-6.2250267,,,,,,,,,,,,,,,,,,,
,Magic Carpet,53.268462,-6.166811,,,,,,,,,,,,,,,,,,,
,Taylor's Three Rock,53.2683869,-6.2621044,,,,,,,,,,,,,,,,,,,
,Three Rock Pub,53.2682917,-6.2620236,,,,,,,,,,,,,,,,,,,
,Graduate,53.2671062,-6.1356015,,,,,,,,,,,,,,,,,,,
,The Gables,53.2670339,-6.1843362,,,,,,,,,,,,,,,,,,,
,Lamb Doyles,53.2644665,-6.2403847,,,,,,,,,,,,,,,,,,,
,Druid's Chair Pub,53.2644517,-6.1153463,,,,,,,,,,,,,,,,,,,
,The Merry Ploughboy,53.264145,-6.2969028,,,,,,,,,,,,,,,,,,,
,Horse and Hound,53.2609449,-6.1501647,,,,,,,,,,,,,,,,,,,
,The Gallops,53.2582331,-6.1974199,,,,,,,,,,,,,,,,,,,
,The Blue Light,53.2546389,-6.2313642,,,,,,,,,,,,,,,,,,,
,The Step Inn,53.2530927,-6.2140297,,,,,,,,,,,,,,,,,,,
,The Lough Inn,53.2466599,-6.1288753,,,,,,,,,,,,,,,,,,,
,The Silver Tassie,53.2451122,-6.1349115,,,,,,,,,,,,,,,,,,,
,Golden Ball,53.2395424,-6.1967578,,,,,,,,,,,,,,,,,,,
,Blue Gardenia,53.2368734,-6.4547751,,,,,,,,,,,,,,,,,,,
,Johnnie Fox's,53.2217392,-6.2192501,,,,,,,,,,,,,,,,,,,
